{"cameraMode":{"drawMode":0,"name":"Shaded","section":"Shading Mode"},"sceneLighting":true,"audioPlay":false,"sceneViewState":{"showFog":true,"showMaterialUpdate":false,"showSkybox":true,"showFlares":true,"showImageEffects":true,"showParticleSystems":true},"in2DMode":false,"pivot":{"x":-0.5853852033615112,"y":0.5718769431114197,"z":2.8021459579467775},"rotation":{"x":-0.15330590307712556,"y":-0.3936343789100647,"z":0.06675997376441956,"w":-0.9039336442947388},"size":1.4478652477264405,"orthographic":false}